{"player_1": {"score": 43, "time": 28.061755418777466}, "player_2": {"score": 17, "time": 60.00529432296753}, "player_3": {"score": 17, "time": 60.00529432296753}}